006,2015,02,11,01,FrozenILD
006,2015,02,11,02,FrozenILD
006,2015,02,19,01,FrozenILD
006,2015,02,19,02,FrozenILD
006,2015,02,19,03,FrozenILD
006,2015,03,02,01,FrozenILD
006,2015,03,02,02,FrozenILD
006,2015,03,02,03,FrozenILD
0,0,0,0,0,0
0,0,0,0,0,0
021,2015,01,14,01,FrozenILD
021,2015,01,14,01,FrozenILD2
021,2015,01,14,02,FrozenILD
021,2015,01,14,02,FrozenILD2
0,0,0,0,0,0
021,2015,02,09,01,FrozenILD
021,2015,02,09,02,FrozenILD
021,2015,02,09,03,FrozenILD
021,2015,02,17,01,FrozenILD
021,2015,02,17,02,FrozenILD
021,2015,02,17,03,FrozenILD
021,2015,02,17,04,FrozenILD
021,2015,02,26,01,FrozenILD
021,2015,02,26,02,FrozenILD
021,2015,02,26,03,FrozenILD
023,2015,02,13,01,FrozenILD
023,2015,02,13,02,FrozenILD
023,2015,02,13,03,FrozenILD
023,2015,02,13,04,FrozenILD
023,2015,02,23,01,FrozenILD
023,2015,02,23,02,FrozenILD
023,2015,02,23,03,FrozenILD
023,2015,03,05,01,FrozenILD
023,2015,03,05,02,FrozenILD
023,2015,03,05,03,FrozenILD
023,2015,03,31,01,FrozenILD
023,2015,03,31,02,FrozenILD
023,2015,03,31,03,FrozenILD