006,2015,02,11,01,FrozenITD
006,2015,02,11,02,FrozenITD
006,2015,02,19,01,FrozenITD
006,2015,02,19,02,FrozenITD
006,2015,02,19,03,FrozenITD
006,2015,03,02,01,FrozenITD
006,2015,03,02,02,FrozenITD
006,2015,03,02,03,FrozenITD
0,0,0,0,0,0
0,0,0,0,0,0
021,2015,01,14,01,FrozenITD
021,2015,01,14,01,FrozenITD2
021,2015,01,14,02,FrozenITD
021,2015,01,14,02,FrozenITD2
0,0,0,0,0,0
021,2015,02,09,01,FrozenITD
021,2015,02,09,02,FrozenITD
021,2015,02,09,03,FrozenITD
021,2015,02,17,01,FrozenITD
021,2015,02,17,02,FrozenITD
021,2015,02,17,03,FrozenITD
021,2015,02,17,04,FrozenITD
021,2015,02,26,01,FrozenITD
021,2015,02,26,02,FrozenITD
0,0,0,0,0,0
023,2015,02,13,01,FrozenITD
023,2015,02,13,02,FrozenITD
023,2015,02,13,03,FrozenITD
023,2015,02,13,04,FrozenITD
023,2015,02,23,01,FrozenITD
023,2015,02,23,02,FrozenITD
023,2015,02,23,03,FrozenITD
023,2015,03,05,01,FrozenITD
023,2015,03,05,02,FrozenITD
023,2015,03,05,03,FrozenITD
023,2015,03,31,01,FrozenITD
023,2015,03,31,02,FrozenITD
023,2015,03,31,03,FrozenITD